{
  "required": true,
  "compatibilityLevel": "JAVA_8",
  "package": "com.drunkshulker.bartender.mixins.client",
  "refmap": "mixins.bartender.refmap.json",
  "minVersion": "0.6",
  "client": [
    "MixinEntityPlayerSP",
    "MixinEntityLivingBase",
    "MixinEntityPlayer",
    "MixinRenderLivingBase",
    "MixinBlockLiquid",
    "MixinPlayerControllerMP",
    "MixinGuiScreen",
    "MixinNetworkManager",
    "MixinAbstractClientPlayer",
    "MixinRenderPlayer",
    "MixinBlockWeb",
    "MixinBlockSoulSand",
    "MixinParticleManager",
    "MixinTileEntitySignRenderer",
    "MixinEntity",
    "MixinEntityRenderer",
    "MixinMovementInputFromOptions",
    "MixinWorld",
    "MixinLayerArmorBase",
    "MixinItemRenderer",
    "MixinMapItemRenderer",
    "MixinAbstractHorse",
    "MixinVisGraph",
    "MixinGuiBossOverlay",
    "MixinChunkRenderContainer",
    "MixinRenderChunk",
    "MixinRenderManager",
    "MixinEntityPig",
    "MixinEntityLlama"
  ]
}
