{
  "required": true,
  "package": "mac.hack.mixin",
  "compatibilityLevel": "JAVA_8",
  "mixins": [
  ],
  "client": [
    "MixinNoTitle",
    "MixinTitleScreen",
    "FirstPersonRendererAccessor",
    "MixinBackgroundRenderer",
    "MixinAbstractBlock",
    "MixinBlock",
    "MixinBlockModelRenderer",
    "MixinBossBarHud",
    "MixinCamera",
    "MixinChunkOcclusionGraphBuilder",
    "MixinClientConnection",
    "MixinClientPlayerEntity",
    "MixinClientPlayerInteractionManager",
    "MixinContainerScreen",
    "MixinEntityRenderer",
    "MixinFluidRenderer",
    "MixinGameRenderer",
    "MixinIngameHud",
    "MixinInGameOverlayRenderer",
    "MixinKeyboard",
    "MixinLlamaEntity",
    "MixinMinecraftClient",
    "MixinPacketInflater",
    "MixinClientWorld",
    "MixinChunkSkylightProvider",
    "MixinPlayerInventory",
    "MixinRenderTickCounter",
    "MixinMapRenderer",
    "MixinSkyProperties",
    "MixinPlayerEntity",
    "MixinNoToolCooldown",
    "MixinParticleManager",
    "MixinSoundSystem",
    "MixinScreen",
    "MixinServerScreen",
    "MixinTextRenderer",
    "MixinSignBlockEntityRenderer",
    "IKeyBinding"
  ],
  "injectors": {
    "defaultRequire": 1
  }
}
