{
  "required": true,
  "compatibilityLevel": "JAVA_8",
  "package": "me.memeszz.aurora.mixin.mixins",
  "refmap": "mixins.osiris.refmap.json",
  "mixins": [
    "MixinNetworkManager",
    "MixinEntity",
    "MixinGuiNewChat",
    "MixinMovementInputFromOptions",
    "MixinEntityRenderer",
    "MixinAbstractClientPlayer",
    "MixinLayerBipedArmor",
    "MixinPlayerControllerMP",
    "MixinEntityPlayer",
    "MixinBlockSoulSand",
    "MixinEntityPlayerSP",
    "MixinMinecraft",
    "MixinGuiPlayerTabOverlay",
    "MixinGuiScreen",
    "MixinGuiContainer"
  ]
}