{
  "required": true,
  "package": "com.leafclient.leaf.mixin",
  "refmap": "mixins.leaf.refmap.json",
  "compatibilityLevel": "JAVA_8",
  "minVersion": "0.7.10",
  "mixins": [
    "MixinMinecraft",
    "block.MixinBlock",
    "entity.MixinEntity",
    "entity.MixinEntityLivingBase",
    "entity.MixinEntityPlayer",
    "entity.MixinEntityPlayerSP",
    "input.MixinKeyBinding",
    "network.MixinNetworkManager",
    "network.MixinPlayerControllerMP",
    "render.MixinEntityRenderer",
    "render.MixinRenderGlobal",
    "render.MixinRenderManager",
    "render.entity.MixinRender",
    "render.entity.MixinRenderEntityLivingBase",
    "render.item.MixinItemRenderer",
    "render.item.MixinLayerArmorBase",
    "render.item.MixinRenderItem",
    "util.MixinTimer",
    "world.MixinWorld",
    "world.MixinWorldClient"
  ]
}