{
  "required": true,
  "package": "bleach.hack.mixin",
  "compatibilityLevel": "JAVA_8",
  "mixins": [
  ],
  "client": [
    "FirstPersonRendererAccessor",
    "MixinBackgroundRenderer",
    "MixinAbstractBlock",
    "MixinBlock",
    "IKeyBinding",
    "IMinecraftClient",
    "MixinBlockModelRenderer",
    "MixinBossBarHud",
    "MixinCamera",
    "MixinChunkOcclusionGraphBuilder",
    "MixinChunkSkylightProvider",
    "MixinClientConnection",
    "MixinClientPlayerEntity",
    "MixinClientPlayerInteractionManager",
    "MixinClientWorld",
    "MixinContainerScreen",
    "MixinEntityRenderer",
    "MixinFluidRenderer",
    "MixinGameRenderer",
    "MixinIngameHud",
    "MixinInGameOverlayRenderer",
    "MixinKeyboard",
    "MixinLlamaEntity",
    "MixinMapRenderer",
    "MixinMinecraftClient",
    "MixinPacketInflater",
    "MixinParticleManager",
    "MixinPlayerEntity",
    "MixinRenderTickCounter",
    "MixinScreen",
    "MixinServerScreen",
    "MixinSharedConstants",
    "MixinSignBlockEntityRenderer",
    "MixinSkyProperties",
    "MixinSoundSystem",
    "MixinTextRenderer",
    "MixinNoToolCooldown",
    "MixinWorldRenderer"
  ],
  "injectors": {
    "defaultRequire": 0
  }
}
