{
    "id": "Fan",
    "assets": "1.8",
    "libraries": [
        {
            "downloads": {
                "artifact": {
                    "path": "com/mojang/netty/1.6/netty-1.6.jar",
                    "sha1": "4b75825a06139752bd800d9e29c5fd55b8b1b1e4",
                    "size": 7877,
                    "url": "https://libraries.minecraft.net/com/mojang/netty/1.6/netty-1.6.jar"
                }
            },
            "name": "com.mojang:netty:1.6"
        },
        {
            "downloads": {
                "artifact": {
                    "path": "java3d/vecmath/1.5.2/vecmath-1.5.2.jar",
                    "sha1": "79846ba34cbd89e2422d74d53752f993dcc2ccaf",
                    "size": 318956,
                    "url": "https://libraries.minecraft.net/java3d/vecmath/1.5.2/vecmath-1.5.2.jar"
                }
            },
            "name": "java3d:vecmath:1.5.2"
        },
        {
            "downloads": {
                "artifact": {
                    "path": "net/sf/trove4j/trove4j/3.0.3/trove4j-3.0.3.jar",
                    "sha1": "42ccaf4761f0dfdfa805c9e340d99a755907e2dd",
                    "size": 2523218,
                    "url": "https://libraries.minecraft.net/net/sf/trove4j/trove4j/3.0.3/trove4j-3.0.3.jar"
                }
            },
            "name": "net.sf.trove4j:trove4j:3.0.3"
        },
        {
            "downloads": {
                "artifact": {
                    "path": "org/jetbrains/annotations/19.0.0/annotations-19.0.0.jar",
                    "sha1": "efbff6752f67a7c9de3e4251c086a88e23591dfd",
                    "size": 24777,
                    "url": "https://repo1.maven.org/maven2/org/jetbrains/annotations/19.0.0/annotations-19.0.0.jar"
                }
            },
            "name": "org.jetbrains:annotations:19.0.0"
        },
        {
            "downloads": {
                "artifact": {
                    "path": "org/projectlombok/lombok/1.18.12/lombok-1.18.12.jar",
                    "sha1": "48e4e5d60309ebd833bc528dcf77668eab3cd72c",
                    "size": 1794582,
                    "url": "https://repo1.maven.org/maven2/org/projectlombok/lombok/1.18.12/lombok-1.18.12.jar"
                }
            },
            "name": "org.projectlombok:lombok:1.18.12"
        },
        {
            "downloads": {
                "artifact": {
                    "path": "oshi-project/oshi-core/1.1/oshi-core-1.1.jar",
                    "sha1": "9ddf7b048a8d701be231c0f4f95fd986198fd2d8",
                    "size": 30973,
                    "url": "https://libraries.minecraft.net/oshi-project/oshi-core/1.1/oshi-core-1.1.jar"
                }
            },
            "name": "oshi-project:oshi-core:1.1"
        },
        {
            "downloads": {
                "artifact": {
                    "path": "net/java/dev/jna/jna/3.4.0/jna-3.4.0.jar",
                    "sha1": "803ff252fedbd395baffd43b37341dc4a150a554",
                    "size": 1008730,
                    "url": "https://libraries.minecraft.net/net/java/dev/jna/jna/3.4.0/jna-3.4.0.jar"
                }
            },
            "name": "net.java.dev.jna:jna:3.4.0"
        },
        {
            "downloads": {
                "artifact": {
                    "path": "net/java/dev/jna/platform/3.4.0/platform-3.4.0.jar",
                    "sha1": "e3f70017be8100d3d6923f50b3d2ee17714e9c13",
                    "size": 913436,
                    "url": "https://libraries.minecraft.net/net/java/dev/jna/platform/3.4.0/platform-3.4.0.jar"
                }
            },
            "name": "net.java.dev.jna:platform:3.4.0"
        },
        {
            "downloads": {
                "artifact": {
                    "path": "com/ibm/icu/icu4j-core-mojang/58.1/icu4j-core-mojang-58.1.jar",
                    "sha1": "4454cc527bd966be254aad41beedf0275ef92312",
                    "size": 11667264,
                    "url": "https://repo1.maven.org/maven2/com/ibm/icu/icu4j/58.1/icu4j-58.1.jar"
                }
            },
            "name": "com.ibm.icu:icu4j-core-mojang:58.1"
        },
        {
            "downloads": {
                "artifact": {
                    "path": "net/sf/jopt-simple/jopt-simple/5.0.4/jopt-simple-5.0.4.jar",
                    "sha1": "4fdac2fbe92dfad86aa6e9301736f6b4342a3f5c",
                    "size": 78146,
                    "url": "https://repo1.maven.org/maven2/net/sf/jopt-simple/jopt-simple/5.0.4/jopt-simple-5.0.4.jar"
                }
            },
            "name": "net.sf.jopt-simple:jopt-simple:5.0.4"
        },
        {
            "downloads": {
                "artifact": {
                    "path": "com/paulscode/codecjorbis/20101023/codecjorbis-20101023.jar",
                    "sha1": "c73b5636faf089d9f00e8732a829577de25237ee",
                    "size": 103871,
                    "url": "https://libraries.minecraft.net/com/paulscode/codecjorbis/20101023/codecjorbis-20101023.jar"
                }
            },
            "name": "com.paulscode:codecjorbis:20101023"
        },
        {
            "downloads": {
                "artifact": {
                    "path": "com/paulscode/codecwav/20101023/codecwav-20101023.jar",
                    "sha1": "12f031cfe88fef5c1dd36c563c0a3a69bd7261da",
                    "size": 5618,
                    "url": "https://libraries.minecraft.net/com/paulscode/codecwav/20101023/codecwav-20101023.jar"
                }
            },
            "name": "com.paulscode:codecwav:20101023"
        },
        {
            "downloads": {
                "artifact": {
                    "path": "com/paulscode/libraryjavasound/20101123/libraryjavasound-20101123.jar",
                    "sha1": "5c5e304366f75f9eaa2e8cca546a1fb6109348b3",
                    "size": 21679,
                    "url": "https://libraries.minecraft.net/com/paulscode/libraryjavasound/20101123/libraryjavasound-20101123.jar"
                }
            },
            "name": "com.paulscode:libraryjavasound:20101123"
        },
        {
            "downloads": {
                "artifact": {
                    "path": "com/paulscode/librarylwjglopenal/20100824/librarylwjglopenal-20100824.jar",
                    "sha1": "73e80d0794c39665aec3f62eee88ca91676674ef",
                    "size": 18981,
                    "url": "https://libraries.minecraft.net/com/paulscode/librarylwjglopenal/20100824/librarylwjglopenal-20100824.jar"
                }
            },
            "name": "com.paulscode:librarylwjglopenal:20100824"
        },
        {
            "downloads": {
                "artifact": {
                    "path": "com/paulscode/soundsystem/20120107/soundsystem-20120107.jar",
                    "sha1": "419c05fe9be71f792b2d76cfc9b67f1ed0fec7f6",
                    "size": 65020,
                    "url": "https://libraries.minecraft.net/com/paulscode/soundsystem/20120107/soundsystem-20120107.jar"
                }
            },
            "name": "com.paulscode:soundsystem:20120107"
        },
        {
            "downloads": {
                "artifact": {
                    "path": "io/netty/netty-all/4.0.23.Final/netty-all-4.0.23.Final.jar",
                    "sha1": "0294104aaf1781d6a56a07d561e792c5d0c95f45",
                    "size": 1779991,
                    "url": "https://libraries.minecraft.net/io/netty/netty-all/4.0.23.Final/netty-all-4.0.23.Final.jar"
                }
            },
            "name": "io.netty:netty-all:4.0.23.Final"
        },
        {
            "downloads": {
                "artifact": {
                    "path": "com/google/guava/guava/19.0/guava-19.0.jar",
                    "sha1": "6ce200f6b23222af3d8abb6b6459e6c44f4bb0e9",
                    "size": 2308517,
                    "url": "https://repo1.maven.org/maven2/com/google/guava/guava/19.0/guava-19.0.jar"
                }
            },
            "name": "com.google.guava:guava:19.0"
        },
        {
            "downloads": {
                "artifact": {
                    "path": "org/apache/commons/commons-lang3/3.8.1/commons-lang3-3.8.1.jar",
                    "sha1": "6505a72a097d9270f7a9e7bf42c4238283247755",
                    "size": 501879,
                    "url": "https://repo1.maven.org/maven2/org/apache/commons/commons-lang3/3.8.1/commons-lang3-3.8.1.jar"
                }
            },
            "name": "org.apache.commons:commons-lang3:3.8.1"
        },
        {
            "downloads": {
                "artifact": {
                    "path": "commons-io/commons-io/2.6/commons-io-2.6.jar",
                    "sha1": "815893df5f31da2ece4040fe0a12fd44b577afaf",
                    "size": 214788,
                    "url": "https://repo1.maven.org/maven2/commons-io/commons-io/2.6/commons-io-2.6.jar"
                }
            },
            "name": "commons-io:commons-io:2.6"
        },
        {
            "downloads": {
                "artifact": {
                    "path": "commons-codec/commons-codec/1.11/commons-codec-1.11.jar",
                    "sha1": "3acb4705652e16236558f0f4f2192cc33c3bd189",
                    "size": 335042,
                    "url": "https://repo1.maven.org/maven2/commons-codec/commons-codec/1.11/commons-codec-1.11.jar"
                }
            },
            "name": "commons-codec:commons-codec:1.11"
        },
        {
            "downloads": {
                "artifact": {
                    "path": "net/java/jinput/jinput/2.0.5/jinput-2.0.5.jar",
                    "sha1": "39c7796b469a600f72380316f6b1f11db6c2c7c4",
                    "size": 208338,
                    "url": "https://libraries.minecraft.net/net/java/jinput/jinput/2.0.5/jinput-2.0.5.jar"
                }
            },
            "name": "net.java.jinput:jinput:2.0.5"
        },
        {
            "downloads": {
                "artifact": {
                    "path": "net/java/jutils/jutils/1.0.0/jutils-1.0.0.jar",
                    "sha1": "e12fe1fda814bd348c1579329c86943d2cd3c6a6",
                    "size": 7508,
                    "url": "https://libraries.minecraft.net/net/java/jutils/jutils/1.0.0/jutils-1.0.0.jar"
                }
            },
            "name": "net.java.jutils:jutils:1.0.0"
        },
        {
            "downloads": {
                "artifact": {
                    "path": "com/google/code/gson/gson/2.8.2/gson-2.8.2.jar",
                    "sha1": "3edcfe49d2c6053a70a2a47e4e1c2f94998a49cf",
                    "size": 232932,
                    "url": "https://repo1.maven.org/maven2/com/google/code/gson/gson/2.8.2/gson-2.8.2.jar"
                }
            },
            "name": "com.google.code.gson:gson:2.8.2"
        },
        {
            "downloads": {
                "artifact": {
                    "path": "com/mojang/authlib/1.5.21/authlib-1.5.21.jar",
                    "sha1": "aefba0d5b53fbcb70860bc8046ab95d5854c07a5",
                    "size": 64412,
                    "url": "https://libraries.minecraft.net/com/mojang/authlib/1.5.21/authlib-1.5.21.jar"
                }
            },
            "name": "com.mojang:authlib:1.5.21"
        },
        {
            "downloads": {
                "artifact": {
                    "path": "org/apache/commons/commons-compress/1.19/commons-compress-1.19.jar",
                    "sha1": "7e65777fb451ddab6a9c054beb879e521b7eab78",
                    "size": 615064,
                    "url": "https://repo1.maven.org/maven2/org/apache/commons/commons-compress/1.19/commons-compress-1.19.jar"
                }
            },
            "name": "org.apache.commons:commons-compress:1.19"
        },
        {
            "downloads": {
                "artifact": {
                    "path": "org/apache/httpcomponents/httpclient/4.5.8/httpclient-4.5.8.jar",
                    "sha1": "c27c9d6f15435dc2b6947112027b418b0eef32b9",
                    "size": 772386,
                    "url": "https://repo1.maven.org/maven2/org/apache/httpcomponents/httpclient/4.5.8/httpclient-4.5.8.jar"
                }
            },
            "name": "org.apache.httpcomponents:httpclient:4.5.8"
        },
        {
            "downloads": {
                "artifact": {
                    "path": "commons-logging/commons-logging/1.2/commons-logging-1.2.jar",
                    "sha1": "4bfc12adfe4842bf07b657f0369c4cb522955686",
                    "size": 61829,
                    "url": "https://repo1.maven.org/maven2/commons-logging/commons-logging/1.2/commons-logging-1.2.jar"
                }
            },
            "name": "commons-logging:commons-logging:1.2"
        },
        {
            "downloads": {
                "artifact": {
                    "path": "org/apache/httpcomponents/httpcore/4.4.11/httpcore-4.4.11.jar",
                    "sha1": "de748cf874e4e193b42eceea9fe5574fabb9d4df",
                    "size": 326874,
                    "url": "https://repo1.maven.org/maven2/org/apache/httpcomponents/httpcore/4.4.11/httpcore-4.4.11.jar"
                }
            },
            "name": "org.apache.httpcomponents:httpcore:4.4.11"
        },
        {
            "downloads": {
                "artifact": {
                    "path": "org/apache/logging/log4j/log4j-api/2.13.2/log4j-api-2.0-beta9.jar",
                    "sha1": "567ea514dedd8679c429c5b5b39b0d67b6464c3c",
                    "size": 292301,
                    "url": "https://repo1.maven.org/maven2/org/apache/logging/log4j/log4j-api/2.13.2/log4j-api-2.13.2.jar"
                }
            },
            "name": "org.apache.logging.log4j:log4j-api:2.13.2"
        },
        {
            "downloads": {
                "artifact": {
                    "path": "org/apache/logging/log4j/log4j-core/2.13.2/log4j-core-2.13.2.jar",
                    "sha1": "8eb1fc1914eb2550bf3ddea26917c9a7cbb00593",
                    "size": 1714150,
                    "url": "https://repo1.maven.org/maven2/org/apache/logging/log4j/log4j-core/2.13.2/log4j-core-2.13.2.jar"
                }
            },
            "name": "org.apache.logging.log4j:log4j-core:2.13.2"
        },
        {
            "downloads": {
                "artifact": {
                    "path": "org/lwjgl/lwjgl/lwjgl/2.9.4-nightly-20150209/lwjgl-2.9.4-nightly-20150209.jar",
                    "sha1": "697517568c68e78ae0b4544145af031c81082dfe",
                    "size": 1047168,
                    "url": "https://libraries.minecraft.net/org/lwjgl/lwjgl/lwjgl/2.9.4-nightly-20150209/lwjgl-2.9.4-nightly-20150209.jar"
                }
            },
            "name": "org.lwjgl.lwjgl:lwjgl:2.9.4-nightly-20150209",
            "rules": [
                {
                    "action": "allow"
                },
                {
                    "action": "disallow",
                    "os": {
                        "name": "osx"
                    }
                }
            ]
        },
        {
            "downloads": {
                "artifact": {
                    "path": "org/lwjgl/lwjgl/lwjgl_util/2.9.4-nightly-20150209/lwjgl_util-2.9.4-nightly-20150209.jar",
                    "sha1": "d51a7c040a721d13efdfbd34f8b257b2df882ad0",
                    "size": 173887,
                    "url": "https://libraries.minecraft.net/org/lwjgl/lwjgl/lwjgl_util/2.9.4-nightly-20150209/lwjgl_util-2.9.4-nightly-20150209.jar"
                }
            },
            "name": "org.lwjgl.lwjgl:lwjgl_util:2.9.4-nightly-20150209",
            "rules": [
                {
                    "action": "allow"
                },
                {
                    "action": "disallow",
                    "os": {
                        "name": "osx"
                    }
                }
            ]
        },
        {
            "downloads": {
                "artifact": {
                    "path": "org/lwjgl/lwjgl/lwjgl-platform/2.9.4-nightly-20150209/lwjgl-platform-2.9.4-nightly-20150209.jar",
                    "sha1": "b04f3ee8f5e43fa3b162981b50bb72fe1acabb33",
                    "size": 22,
                    "url": "https://libraries.minecraft.net/org/lwjgl/lwjgl/lwjgl-platform/2.9.4-nightly-20150209/lwjgl-platform-2.9.4-nightly-20150209.jar"
                },
                "classifiers": {
                    "natives-linux": {
                        "path": "org/lwjgl/lwjgl/lwjgl-platform/2.9.4-nightly-20150209/lwjgl-platform-2.9.4-nightly-20150209-natives-linux.jar",
                        "sha1": "931074f46c795d2f7b30ed6395df5715cfd7675b",
                        "size": 578680,
                        "url": "https://libraries.minecraft.net/org/lwjgl/lwjgl/lwjgl-platform/2.9.4-nightly-20150209/lwjgl-platform-2.9.4-nightly-20150209-natives-linux.jar"
                    },
                    "natives-osx": {
                        "path": "org/lwjgl/lwjgl/lwjgl-platform/2.9.4-nightly-20150209/lwjgl-platform-2.9.4-nightly-20150209-natives-osx.jar",
                        "sha1": "bcab850f8f487c3f4c4dbabde778bb82bd1a40ed",
                        "size": 426822,
                        "url": "https://libraries.minecraft.net/org/lwjgl/lwjgl/lwjgl-platform/2.9.4-nightly-20150209/lwjgl-platform-2.9.4-nightly-20150209-natives-osx.jar"
                    },
                    "natives-windows": {
                        "path": "org/lwjgl/lwjgl/lwjgl-platform/2.9.4-nightly-20150209/lwjgl-platform-2.9.4-nightly-20150209-natives-windows.jar",
                        "sha1": "b84d5102b9dbfabfeb5e43c7e2828d98a7fc80e0",
                        "size": 613748,
                        "url": "https://libraries.minecraft.net/org/lwjgl/lwjgl/lwjgl-platform/2.9.4-nightly-20150209/lwjgl-platform-2.9.4-nightly-20150209-natives-windows.jar"
                    }
                }
            },
            "extract": {
                "exclude": [
                    "META-INF/"
                ]
            },
            "name": "org.lwjgl.lwjgl:lwjgl-platform:2.9.4-nightly-20150209",
            "natives": {
                "linux": "natives-linux",
                "osx": "natives-osx",
                "windows": "natives-windows"
            },
            "rules": [
                {
                    "action": "allow"
                },
                {
                    "action": "disallow",
                    "os": {
                        "name": "osx"
                    }
                }
            ]
        },
        {
            "downloads": {
                "artifact": {
                    "path": "org/lwjgl/lwjgl/lwjgl/2.9.2-nightly-20140822/lwjgl-2.9.2-nightly-20140822.jar",
                    "sha1": "7707204c9ffa5d91662de95f0a224e2f721b22af",
                    "size": 1045632,
                    "url": "https://libraries.minecraft.net/org/lwjgl/lwjgl/lwjgl/2.9.2-nightly-20140822/lwjgl-2.9.2-nightly-20140822.jar"
                }
            },
            "name": "org.lwjgl.lwjgl:lwjgl:2.9.2-nightly-20140822",
            "rules": [
                {
                    "action": "allow",
                    "os": {
                        "name": "osx"
                    }
                }
            ]
        },
        {
            "downloads": {
                "artifact": {
                    "path": "org/lwjgl/lwjgl/lwjgl_util/2.9.2-nightly-20140822/lwjgl_util-2.9.2-nightly-20140822.jar",
                    "sha1": "f0e612c840a7639c1f77f68d72a28dae2f0c8490",
                    "size": 173887,
                    "url": "https://libraries.minecraft.net/org/lwjgl/lwjgl/lwjgl_util/2.9.2-nightly-20140822/lwjgl_util-2.9.2-nightly-20140822.jar"
                }
            },
            "name": "org.lwjgl.lwjgl:lwjgl_util:2.9.2-nightly-20140822",
            "rules": [
                {
                    "action": "allow",
                    "os": {
                        "name": "osx"
                    }
                }
            ]
        },
        {
            "downloads": {
                "classifiers": {
                    "natives-linux": {
                        "path": "org/lwjgl/lwjgl/lwjgl-platform/2.9.2-nightly-20140822/lwjgl-platform-2.9.2-nightly-20140822-natives-linux.jar",
                        "sha1": "d898a33b5d0a6ef3fed3a4ead506566dce6720a5",
                        "size": 578539,
                        "url": "https://libraries.minecraft.net/org/lwjgl/lwjgl/lwjgl-platform/2.9.2-nightly-20140822/lwjgl-platform-2.9.2-nightly-20140822-natives-linux.jar"
                    },
                    "natives-osx": {
                        "path": "org/lwjgl/lwjgl/lwjgl-platform/2.9.2-nightly-20140822/lwjgl-platform-2.9.2-nightly-20140822-natives-osx.jar",
                        "sha1": "79f5ce2fea02e77fe47a3c745219167a542121d7",
                        "size": 468116,
                        "url": "https://libraries.minecraft.net/org/lwjgl/lwjgl/lwjgl-platform/2.9.2-nightly-20140822/lwjgl-platform-2.9.2-nightly-20140822-natives-osx.jar"
                    },
                    "natives-windows": {
                        "path": "org/lwjgl/lwjgl/lwjgl-platform/2.9.2-nightly-20140822/lwjgl-platform-2.9.2-nightly-20140822-natives-windows.jar",
                        "sha1": "78b2a55ce4dc29c6b3ec4df8ca165eba05f9b341",
                        "size": 613680,
                        "url": "https://libraries.minecraft.net/org/lwjgl/lwjgl/lwjgl-platform/2.9.2-nightly-20140822/lwjgl-platform-2.9.2-nightly-20140822-natives-windows.jar"
                    }
                }
            },
            "extract": {
                "exclude": [
                    "META-INF/"
                ]
            },
            "name": "org.lwjgl.lwjgl:lwjgl-platform:2.9.2-nightly-20140822",
            "natives": {
                "linux": "natives-linux",
                "osx": "natives-osx",
                "windows": "natives-windows"
            },
            "rules": [
                {
                    "action": "allow",
                    "os": {
                        "name": "osx"
                    }
                }
            ]
        },
        {
            "downloads": {
                "classifiers": {
                    "natives-linux": {
                        "path": "net/java/jinput/jinput-platform/2.0.5/jinput-platform-2.0.5-natives-linux.jar",
                        "sha1": "7ff832a6eb9ab6a767f1ade2b548092d0fa64795",
                        "size": 10362,
                        "url": "https://libraries.minecraft.net/net/java/jinput/jinput-platform/2.0.5/jinput-platform-2.0.5-natives-linux.jar"
                    },
                    "natives-osx": {
                        "path": "net/java/jinput/jinput-platform/2.0.5/jinput-platform-2.0.5-natives-osx.jar",
                        "sha1": "53f9c919f34d2ca9de8c51fc4e1e8282029a9232",
                        "size": 12186,
                        "url": "https://libraries.minecraft.net/net/java/jinput/jinput-platform/2.0.5/jinput-platform-2.0.5-natives-osx.jar"
                    },
                    "natives-windows": {
                        "path": "net/java/jinput/jinput-platform/2.0.5/jinput-platform-2.0.5-natives-windows.jar",
                        "sha1": "385ee093e01f587f30ee1c8a2ee7d408fd732e16",
                        "size": 155179,
                        "url": "https://libraries.minecraft.net/net/java/jinput/jinput-platform/2.0.5/jinput-platform-2.0.5-natives-windows.jar"
                    }
                }
            },
            "extract": {
                "exclude": [
                    "META-INF/"
                ]
            },
            "name": "net.java.jinput:jinput-platform:2.0.5",
            "natives": {
                "linux": "natives-linux",
                "osx": "natives-osx",
                "windows": "natives-windows"
            }
        }
    ],
    "mainClass": "net.minecraft.client.main.Main",
    "minecraftArguments": "--username ${auth_player_name} --version ${version_name} --gameDir ${game_directory} --assetsDir ${assets_root} --assetIndex ${assets_index_name} --uuid ${auth_uuid} --accessToken ${auth_access_token} --userProperties ${user_properties} --userType ${user_type}",
    "minimumLauncherVersion": 14,
    "releaseTime": "2020-10-11T10:31:28+00:00",
    "time": "2020-10-11T10:31:28+00:00",
    "type": "release"
}